solution_id,airtable_rec_id,company_id,solution_name,description,has_ai,function_category,program_type,data_source,price,price_tier,service_region,target_industry,target_scale,has_award,has_certification,website_url,score_overall,created_at,updated_at,industry_category,features_list,description_short,slogan,monthly_price,monthly_price_tier,subscription_months,pricing_model,record_status,partner_vendor
SOL-0659,rec3wBh2ToAyPF7c9,27405969.0,EMS智慧控制管理系統,"EMS智慧控制管理系統是由堂朝數位整合股份有限公司提供的創新解決方案，適用於各行各業，企業規模從小型到大型皆可適用。此系統旨在幫助企業實現智慧化管理，透過自動化控制與數據分析，提升運營效率並降低成本。

使用EMS智慧控制管理系統，您可以輕鬆監控與管理企業的各項設備與資源，實現遠端控制與即時監測，有效解決傳統管理方式中人力資源浪費、設備維護不善等問題。此外，該系統還提供數據分析功能，幫助企業決策者快速掌握營運狀況，做出明智的決策。藉助EMS智慧控制管理系統，您的企業將能夠更高效、更智慧地運營。",False,生產物流,臺灣雲市集,自有方案,60000.0,5-20萬,"[""北北基"",""桃竹苗"",""中彰投"",""雲嘉南"",""高屏""]","[""不限產業""]","[""9人以下"",""10~20人"",""21~50人"",""51~100人"",""101~200人""]",False,False,,3.1,2026-07-21 07:34:19.728849+00,2026-08-20 06:26:34.889913+00,生產物流,"設備遠端控制與監測
實時數據監控與可視化
自動化控制管理
能源資源使用數據分析
設備維護與故障預警
企業運營狀況儀表板",適用於各行業各規模企業的EMS智慧控制管理系統，透過自動化控制與數據分析功能，解決傳統管理中的人力浪費與設備維護不善問題。系統提供遠端監控、即時監測與數據分析，幫助企業快速掌握營運狀況，提升運營效率並有效降低成本，實現智慧化管理目標。,,5000.0,5-10K,12.0,"[""訂閱制""]",疑似已下架_平台停止服務未逐筆驗證,
SOL-SME-0135,recpwty34E0Ts3afB,90207093.0,A.I.智能電話,Asiabots 推出多功能企業級電話機器人方案，讓A.I.化身為24小時服務熱線的專員，透過人性化的聲音與客戶直接對話，提供一系列自動化的服務，包含電話推銷、電話預約、諮詢服務、滿意度調查等。別於傳統的人工客服，Voicebot除了可以提供高效的服務外，更能協助企業減少人力、時間及金錢上的支出。同時，提高用戶使用的滿意度。 在實際應用場景中，AI智能電話能完美勝任進線通話 (Inbound Calls) 的自動化處理，例如 24 小時客戶服務諮詢、常見問題解答及各類預約作業；在外播通話 (Outbound Calls) 方面，則可協助企業進行主動式行銷推廣、重要訊息通知或滿意度調查。為了確保卓越的使用者體驗，當系統偵測到複雜或超出 AI 處理範圍的問題時，可以即時轉接至真人客服，確保服務不中斷並維持專業溝通。 此外，在轉接真人後，A.I.智能電話發揮人機協作概念，將通話內容即時轉成文字，完整記錄對話內容，讓客服人員不必再分心速記。AI大腦同時理解問題，迅速從知識庫中找出最佳解答，讓客服人員回應速度大幅加快。,True,銷售管理,SME AI平台,中企署,72000.0,,"[""不限區域""]","[""製造業；服務業""]","[""不限規模""]",True,True,,3.8,2026-07-21 07:34:25.777239+00,2026-07-21 07:34:25.777239+00,銷售管理,亞博福爾摩沙創新地結合人工智慧與先進語言模型，帶來智能通話系統的新體驗，讓企業能更靈活運用對話AI強化服務品質。透過自主開發的對話系統，無論採用地端或雲端架構，都能完善整合語音識別、語意理解及語音合成技術，並支援多國語言，協助不同規模與產業的客戶順利部署於本地或多地區市場。此外，亞博也能協助企業快速完成技術架構的建置與系統串接，無須擔心缺乏專業人力，也能與現有CRM或聯絡中心平台無縫整合，全面發揮智慧應用的競爭優勢。,適用於需要24小時客服支援的企業，Asiabots電話機器人以人性化AI聲音提供自動化服務，涵蓋客戶諮詢、電話預約、滿意度調查及行銷推廣。系統可處理進線與外播通話，複雜問題可無縫轉接真人客服。轉接後AI即時轉錄通話內容並提供知識庫建議，協助客服快速回應，有效降低人力成本並提升服務滿意度。,以智慧，重塑客服未來 — 亞博福爾摩沙 A.I. 智能電話解決方案,,,,"[""訂閱制""]",正常,
SOL-SME-0294,reck6dKQPmUje2acX,90350153.0,AI 智能門市客服與導流全能版,這套系統是為連鎖品牌量身打造的「一體化 AI 營運大腦」。不用擔心新進員工不熟悉規定或客服品質參差不齊，只要將內部產品手冊與 SOP 匯入 metabiz 系統，就能讓 LINE 官方帳號化身 24 小時不休息的超級客服。不僅能處理複雜客訴、支援多國語言即時翻譯，更能結合視覺化 Flex 圖文名片直接引導客流至實體門市，完成「導流 $\rightarrow$ 成交 $\rightarrow$ 回購」的完整交易閉環，大幅降低客服人力成本並實質提升門店業績。,True,銷售管理,SME AI平台,中企署,63000.0,,[],"[""製造業；服務業""]",[],False,False,,4.0,2026-07-21 07:34:25.020364+00,2026-07-21 07:34:25.020364+00,銷售管理,"1. 具備 RAG 知識庫精準檢索與多語系即時翻譯能力。
2. 支援 24 小時不間斷提供標準化之自動客服回應，降低錯誤率。
3. 支援一鍵生成 LINE Flex 視覺化圖文名片與導航推播。
4. 具備深度對話上下文記憶功能，無縫整合 metabiz 會員 360 側邊欄。",針對連鎖品牌，本系統透過 AI 驅動的 LINE 官方帳號，將內部 SOP 與產品資訊自動化轉化為 24 小時客服。支援複雜客訴處理、多國語言翻譯及視覺化導購，完整串聯導流、成交、回購全流程。有效降低人力成本，同時提升服務品質與門店業績。,,,,,"[""訂閱制""]",正常,
SOL-SME-0143,recAMtRhG0TXocVd4,28697248.0,台灣黃頁_AI業務助理,讓台灣黃頁成為您的「AI 業務助理」，主動攔截每一筆生意 #AI業務助理： 1.(RWD企業詢價網站) 詢價官網建置_即上線、即曝光，SEO排名優化為主、全站詢價導向設計 2.(AI小編智能小幫手) 整合 AI 圖文生成工具，只需輸入簡單關鍵詞或標題，即可快速產出符合品牌風格的圖文內容 3.(AI詢價助手)，專屬AI機器人詢價對話框，企業網站內容諮詢、詢價單引導生成 4.(叢集站群優質外鏈) AI自動生成優質外鏈，讓網站排名在前，主動攔截每一筆生意,True,銷售管理,SME AI平台,中企署,40000.0,,[],"[""製造業；服務業；農業""]",[],False,False,,4.0,2026-07-21 07:34:21.401635+00,2026-07-21 07:34:21.401635+00,銷售管理,"讓台灣黃頁成為您的「AI 業務助理」，主動攔截每一筆生意
#AI業務助理：
1.(RWD企業詢價網站) 詢價官網建置_即上線、即曝光，SEO排名優化為主、全站詢價導向設計
2.(AI小編智能小幫手) 整合 AI 圖文生成工具，只需輸入簡單關鍵詞或標題，即可快速產出符合品牌風格的圖文內容
3.(AI詢價助手)，專屬AI機器人詢價對話框，企業網站內容諮詢、詢價單引導生成
4.(叢集站群優質外鏈) AI自動生成優質外鏈，讓網站排名在前，主動攔截每一筆生意",台灣黃頁提供企業完整的數位業務解決方案。透過RWD詢價網站建置、AI智能小編快速生成品牌內容、AI詢價助手自動引導客戶、以及站群外鏈優化，幫助B2B企業提升網站SEO排名、增加詢價曝光，主動攔截商機，轉化潛在客戶為實際訂單。,,,,,"[""訂閱制""]",正常,
SOL-0002,recvOVaf88wEB4WHZ,24948357.0,Shopass數位共榮護照OMO電商會員系統,"Shopass數位共榮護照OMO電商會員系統是由一個好朋友股份有限公司提供的創新解決方案。此方案旨在幫助企業打造全渠道的會員系統，實現線上線下整合的OMO（全渠道行銷）體驗。通過Shopass數位共榮護照，企業可以輕鬆管理會員數據，提升客戶黏性和購買頻率，有效推動銷售增長。

此方案適用於各行各業，特別是批發零售業、住宿及餐飲業、出版、影音、傳播及資通服務業、藝術娛樂休閒等行業。藉助Shopass數位共榮護照，企業可以解決客戶數據分散、會員經營效率低、跨渠道整合困難等問題，實現業務的數位化轉型和高效經營。現在只需 37500 元，訂閱 6 個月，即可享有專業的OMO電商會員系統服務，幫助企業在競爭激烈的市場中脫穎而出。",False,銷售管理,臺灣雲市集,自有方案,37500.0,5萬以下,"[""北北基"",""桃竹苗"",""中彰投"",""雲嘉南"",""高屏"",""宜花東""]","[""不限產業, 批發零售業, 住宿及餐飲業, 出版、影音、傳播及資通服務業, 藝術娛樂休閒""]","[""9人以下"",""10~20人"",""21~50人"",""51~100人"",""101~200人""]",False,False,,3.3,2026-07-21 07:34:26.275253+00,2026-08-20 06:26:34.889913+00,銷售管理,"全渠道會員系統管理
線上線下整合的OMO體驗
會員數據管理
客戶黏性提升
購買頻率分析
銷售增長推動
跨渠道整合解決方案
客戶數據集中管理
會員經營效率提升
業務數位化轉型
高效經營管理
專業的OMO電商會員系統服務",適用於零售、餐飲、娛樂等行業的企業。Shopass數位共榮護照整合線上線下會員數據，解決客戶資訊分散、跨渠道管理困難的問題。透過統一的OMO會員系統，企業可集中管理會員檔案、提升客戶黏性與購買頻率，有效驅動銷售成長，實現數位化轉型與高效經營。,,6250.0,5-10K,6.0,"[""訂閱制""]",疑似已下架_平台停止服務未逐筆驗證,
SOL-0003,recIpLJU4FDT217LK,55790788.0,QbiAI全通路智能客服平台,後台匯入問答內容、數據分析儀表板、自然口語判別、,True,行銷推廣,臺灣雲市集,自有方案,36720.0,5萬以下,[],[],[],False,False,,4.3,2026-07-21 07:34:22.02243+00,2026-08-20 06:26:34.889913+00,行銷推廣,"後台匯入問答內容
數據分析儀表板
自然口語判別
智能客服對話管理
多渠道客服整合
客戶意見分析
自動回覆設定
人工客服介入機制
語言理解與處理
用戶行為追蹤
個性化回覆設定
聊天記錄查詢
客服績效評估
語言模型訓練
智能回覆建議",針對需要高效管理客服運營的企業，本方案提供後台批量匯入問答內容、實時數據分析儀表板與自然口語判別技術。企業可快速建立知識庫、精準掌握客服績效與客戶互動品質，同時系統自動識別自然對話語境，提升回應準確度與客戶滿意度，大幅降低人工成本與培訓時間。,,6120.0,5-10K,6.0,"[""訂閱制""]",疑似已下架_平台停止服務未逐筆驗證,
SOL-1367,recv0EK8kFG4ooVPk,82878338.0,律果合約專家專業方案,,False,,新創嚴選網,新創嚴選,490.0,,"[""不限區域""]","[""不限""]","[""不限規模""]",True,True,,,2026-07-21 07:34:26.275253+00,2026-07-21 07:34:26.275253+00,,,律師監督開發的唯一全台電子簽名！具多因子驗證、支援各形式簽署。以雲端取代紙印章，零郵寄與耗材，輕鬆打造ESG辦公室！,優化合約流程、集中管理，大幅提升工作效能！,,,,"[""訂閱制"",""客製化服務""]",正常,
SOL-MOE-0473,recYuUkeVOua5LkN7,83269523.0,WaterOps AI Switch⁺ EcoDose精確加藥套裝,本套裝整合OCR影像辨識、WaterOps平台與WinEdge-N資訊儀表板，形成一套可自動學習、自我調整的智慧加藥控制模式。系統可同步分析現場感測數據、歷史運轉資料與影像讀取結果，精準計算加藥量並動態調整，避免傳統方式因人工判斷或水質波動而造成的加藥過量、不足與水質不穩定問題。 適用規模包含中大型工業廢水處理廠、科技園區、公用污水處理場、再生水系統與大型園區水務管理單位，尤其是工況複雜、需確保穩定排放與高標準合規的大型企業。透過此套裝，業者可建立自主可控、可追溯且具擴展性的智慧水務系統，全面提升管理效率與永續績效。,True,生產物流,雲市集工業館,產發署,830000.0,,"[""不限區域""]","[""製造""]","[""不限規模""]",True,False,,3.9,2026-07-21 07:34:23.953159+00,2026-07-21 07:34:23.953159+00,生產物流,"OCR影像辨識技術讀取加藥相關數據
實時感測數據分析與加藥量自動計算
歷史運轉資料學習與動態調整機制
WaterOps平台集中化管理與監控
WinEdge-N資訊儀表板視覺化展示
智慧加藥控制自動執行與優化
水質穩定性監測與異常預警
加藥過量/不足自動補償
廢水處理工況複雜度應對與調整
系統運行數據可追溯記錄
多類型水務場景適配（工業廢水、污水、再生水）
加藥合規性監控與報表生成",本套裝整合OCR影像辨識、WaterOps平台與WinEdge-N儀表板，為中大型工業廢水處理廠、科技園區及污水處理場提供智慧加藥控制方案。系統自動分析感測數據、歷史資料與影像結果，精準計算加藥量並動態調整，解決傳統人工判斷導致的加藥過量、不足與水質不穩定問題。幫助業者建立自主可控、可追溯的智慧水務系統，全面提升管理效率與合規績效。,AI精準加藥，節能減碳一次到位！,,,,"[""買斷制"",""提供試用"",""客製化服務""]",疑似已下架_雲市集工業館平台方案未持續上架未逐筆驗證,
SOL-1404,recgLGIu05XVBNHhp,50871852.0,訂購系統及LINE官方帳號建置,此方案主要針對想一步到位的業者所規劃，完整的建構一個專屬商品訂購系統，品牌設計及形象影片介紹。,False,,農業雲市集-數位館,農業部,60000.0,,[],[],[],False,False,https://agdigi.atri.org.tw/Market/Content/24,,2026-07-21 07:34:25.020364+00,2026-07-21 07:34:25.020364+00,,,此方案主要針對想一步到位的業者所規劃，完整的建構一個專屬商品訂購系統，品牌設計及形象影片介紹。,,,,,,正常,
SOL-MOE-0408,recGHOAOWw6Z5ywfe,50789164.0,GWS團隊協作套件_商務進階版 10人組,專為現代團隊設計的整合式雲端工具，讓您的團隊無論使用電腦、平板或手機，都能隨時隨地無縫接軌、靈活辦公，即使離線也能持續作業。 透過集中化的管理後台，管理員能輕鬆新增與管理使用者帳號。員工離職時也能一鍵安全地轉移雲端硬碟資料，確保商業機密與數位資產完整交接。 此外，內建的 Gemini AI 智慧助理與強大搜尋技術，更能自動化處理繁瑣事務，讓團隊能省下管理工作的時間，專注於創造更高價值的核心業務。彈性多樣的訂閱方案，更能有效減輕中小企業的營運負擔，是您實現數位轉型的最佳夥伴。 簡單易用的整合式雲端工具，讓您的團隊用電腦、手機隨時隨地靈活辦公，離線也能作業。本方案內建強大 Gemini AI 助理，一鍵搞定 AI 寫作、摘要與分析。更提供 5TB 共享雲端儲存空間與保管箱(Vault)，滿足企業資料保留與稽核需求，是您兼顧 AI 效能與法規遵循的最佳選擇。,True,人力資源,雲市集工業館,產發署,85575.0,,[],[],[],False,False,,3.7,2026-07-21 07:34:22.02243+00,2026-07-21 07:34:22.02243+00,人力資源,"多裝置無縫協作（電腦、平板、手機）
離線模式持續作業
集中化用戶帳號管理
員工離職資料一鍵轉移
Gemini AI智慧助理協助
AI自動寫作、摘要與分析
強大搜尋技術快速查找
5TB共享雲端儲存空間
資料保管箱(Vault)功能
企業資料保留與稽核功能",適用於現代企業的整合式雲端工具，支援跨裝置無縫協作與離線作業。內建 Gemini AI 助理自動化文案撰寫、摘要與分析，搭配 5TB 共享儲存與保管箱功能，滿足資料安全與法規遵循需求。集中化管理後台簡化帳號與權限控制，員工離職時可一鍵轉移資料，幫助團隊提升工作效率，專注核心業務發展。,,,,,"[""訂閱制""]",疑似已下架_雲市集工業館平台方案未持續上架未逐筆驗證,
SOL-MOE-0498,recicpbbC4OziaS8c,25012019.0,虛實通路訂單自動演算匯入ERP雲端平台,系統的特色主要在快速整合不同通路平台格式，轉換成統一格式進行快速出貨，適用的公司有針對零售、客製化訂單、大 量且多樣化零件供應商等等，經營實體與電商通路之企業，快速整合客戶下單，減少人工登打訂單所花費的大量時間，能 有效減少人為錯誤，加快出貨流程，強化供應量的效率。,True,生產物流,雲市集工業館,產發署,300000.0,,[],[],[],False,False,,3.7,2026-07-21 07:34:25.020364+00,2026-07-21 07:34:25.020364+00,生產物流,"多通路訂單自動匯入與格式轉換
訂單自動演算與統一格式處理
ERP雲端平台整合
自動出貨流程管理
人工訂單登打時間減少與錯誤降低
多樣化零件與客製化訂單管理
實體與電商通路訂單整合
供應鏈效率提升與出貨加速",本系統專為經營實體與電商多通路的零售商、客製化訂單商及零件供應商設計。透過快速整合各平台訂單格式，轉換為統一標準，自動化訂單處理流程，大幅減少人工登打時間與人為錯誤。有效加快出貨速度，提升供應鏈效率，讓企業專注於業務成長。,,,,,"[""客製化服務""]",正常,
SOL-SME-0364,recGHJw8oLXB2UISJ,43909875.0,GBP ReviewSpark v2 模組,GBP ReviewSpark v2 模組 是一套專為實體商家打造的 AI 智慧評論分析與互動優化系統。第一大核心功能為競爭差異分析：透過即時擷取與解析 Google Maps 上的顧客評論，系統能自動辨識服務、價格、餐點品質、環境等關鍵面向，主動提供分析報告給您！,True,行銷推廣,SME AI平台,中企署,2000.0,,[],"[""服務業""]",[],False,False,,3.7,2026-07-21 07:34:22.02243+00,2026-07-21 07:34:22.02243+00,行銷推廣,"AI資料爬取並結構化儲存
15次/月
數據分析
30次/月",適用於實體商家的 AI 評論分析系統，透過自動擷取 Google Maps 評論，智慧辨識服務、價格、餐點品質、環境等關鍵面向，提供競爭差異分析報告。幫助商家快速掌握顧客反饋、發現市場機會，優化營運策略與服務品質。,,,,,"[""訂閱制""]",正常,
SOL-0446,recRRG8jsu6gwFY2Z,42660670.0,Avalon - 形象網站建置－品牌力強化方案,"Avalon - 形象網站建置－品牌力強化方案是由金蘋果園股份有限公司提供的專業服務，適用於各產業和不同規模的企業。這個方案旨在幫助企業建立一個具有品牌形象的網站，提升企業的網路存在感和競爭力。通過專業的網站建置服務，您可以獲得一個現代化、易於使用的網站，有效地傳達企業的品牌價值和形象，吸引更多的潛在客戶。藉此方案，您可以解決網站建置和品牌形象推廣的問題，提升企業的整體形象和市場競爭力。方案費用為 51,000 元，訂閱期 12 個月，價格透明且合理。",False,銷售管理,臺灣雲市集,自有方案,51000.0,5-20萬,"[""北北基"",""桃竹苗"",""中彰投"",""雲嘉南"",""高屏"",""宜花東"",""離島/其他""]","[""不限產業""]","[""9人以下"",""10~20人"",""21~50人"",""51~100人"",""101~200人""]",False,False,,3.3,2026-07-21 07:34:23.44502+00,2026-08-20 06:26:34.889913+00,銷售管理,"企業形象網站建置
品牌價值視覺化呈現
現代化網站介面設計
企業網路存在感提升
潛在客戶吸引與轉化","適用於各產業企業的形象網站建置方案，透過專業設計與現代化介面，有效傳達品牌價值、強化網路存在感。幫助企業解決網站建置與品牌推廣問題，吸引潛在客戶、提升市場競爭力。年費新台幣51,000元，價格透明合理。",,4250.0,3-5K,12.0,"[""訂閱制""]",疑似已下架_平台停止服務未逐筆驗證,
SOL-SME-0118,recyapSqTFAJ1iTTy,82828794.0,點了沒POS點餐自助結帳完整版,"點了沒Line智慧點餐系統，整合了Line官方帳號也整合了LinePay、信用卡等非現金支付，及外送平台foodpanda,ubereats在排隊的店家可先行點餐預購，並於餐點完成後店家於系統上通知客來取餐，減少排隊的狀況，在疫情發展下也可有效避免接觸。 整合自助點餐機，提供如同麥當勞的自助結帳功能。 整合AI菜單，快速完成菜單整理，一份菜單平均要整理60分鐘，利用Ai整合，可以將時間降低到40-30分鐘。 整合AI行銷功能，快速產生文案，於FB、GoogleMap分享引流導客，也可將文案利用我方列印功能，快速產生QRcode提供線下導客，完成O2O的行銷整合。",True,生產物流,SME AI平台,中企署,10000.0,,[],"[""服務業""]",[],False,False,,4.0,2026-07-21 07:34:26.275253+00,2026-07-21 07:34:26.275253+00,生產物流,"Line 點餐與非現金支付整合
串接外送與自助結帳降低排隊接觸
AI 菜單整理縮短作業時間
AI 行銷文案與 QR 導客 O2O 整合
AI 經營分析模組",點了沒Line智慧點餐系統專為餐飲業者設計，整合Line官方帳號、LinePay與信用卡支付、外送平台，支援線上預購與自助點餐機，有效減少排隊時間並降低接觸風險。內建AI菜單管理功能，將菜單整理時間從60分鐘縮短至30-40分鐘。搭配AI行銷工具自動生成文案，透過社群媒體、Google地圖與QR碼實現線上線下整合行銷，快速引流導客。,,,,,"[""訂閱制""]",正常,
SOL-0431,recQ2bwYsHhCeBNcT,54585825.0,O2O支付方案,"O2O支付方案是由社守有限公司提供的創新解決方案，適用於批發零售業、住宿及餐飲業的中小企業。此方案旨在整合線上線下支付流程，幫助商家輕鬆管理交易、提升營收。透過O2O支付方案，您可以實現統一的支付平台，無縫銜接實體店面與網路銷售，讓顧客享有更便捷的購物體驗。此方案有效解決傳統支付方式繁瑣、資金管理不便等問題，幫助商家節省時間、降低成本，並提升客戶滿意度。方案費用為12,000元，訂閱期為12個月，適用於規模1-2的企業，服務區域涵蓋1-5區，價格區間在5萬以下。",False,銷售管理,臺灣雲市集,自有方案,12000.0,5萬以下,"[""北北基"",""桃竹苗"",""中彰投"",""雲嘉南"",""高屏""]","[""批發零售業, 住宿及餐飲業""]","[""9人以下"",""10~20人""]",False,False,,3.6,2026-07-21 07:34:23.44502+00,2026-08-20 06:26:34.889913+00,銷售管理,"線上線下支付整合管理
統一支付平台管理
實體店面銷售交易處理
網路銷售交易處理
顧客購物體驗優化
商家資金管理
交易報表統計","針對批發零售、住宿餐飲等中小企業，O2O支付方案整合線上線下交易流程，提供統一支付平台。透過無縫銜接實體店面與網路銷售，有效簡化傳統支付繁瑣程序，優化資金管理效率。幫助商家節省營運成本、提升客戶購物體驗，並加速營收成長。年費12,000元，適用於1至2人規模企業。",,1000.0,<3K,12.0,"[""訂閱制""]",疑似已下架_平台停止服務未逐筆驗證,
SOL-BIZ-0115,recCPEvM2ort8JCyn,45900358.0,Pandora,Pandora 輿情探索與市場洞察系統是商戶探索市場動態的首選工具。,True,行銷推廣,商業服務業專區,商業署,159000.0,,[],"[""G批發及零售業；H運輸及倉儲業；I住宿及餐飲業；J出版影音及資通訊業；K金融及保險業；L不動產業；N支援服務業；O公共行政及國防；強制性社會安全；P教育業；Q醫療保健及社會工作服務業；S其他服務業""]",[],False,False,,3.5,2026-07-21 07:34:21.401635+00,2026-07-21 07:34:21.401635+00,行銷推廣,"品牌輿情監測
雙引擎混合搜尋
語境解碼技術
洞察轉化行動",針對需要掌握市場脈動的商戶，Pandora 輿情探索與市場洞察系統提供全面的輿情監測與數據分析能力。系統整合多渠道輿情資訊，幫助企業即時捕捉市場動向、競爭對手動態與消費者聲音，支援決策層快速制定策略調整，有效降低市場風險並把握商機。,,,,,"[""訂閱制""]",正常,
SOL-CASE-0001,,24965995.0,無線能源管理系統(NeVerLoSs® LoRa),"LoRa長距無線技術免拉線佈建,遠距同步收集油氣水電數據,智慧閘道器自動上雲,視覺化儀表板呈現,可用於優化生產排程、契約容量設定,並提供碳盤查佐證資料。適合傳統廠房在不停機、不施工的前提下建立能源監測基礎。",False,能源管理,案例反推補建,案例文章萃取_20260814,,,,,,False,False,,,2026-08-14 02:46:11.973758+00,2026-08-14 02:46:11.973758+00,節能減碳,,"免拉線無線能管系統,支援碳盤查佐證",,,,,,正常,
SOL-0727,recAyRY0YiveyC6He,24930722.0,創創徵件評選,創創徵件評選方案由創創數位科技股份有限公司提供，適用於出版、影音、傳播及資通服務業，以及藝術娛樂休閒產業，適用企業規模從1到5人皆可。該方案服務範圍涵蓋全臺1到7個區域，訂閱期為12個月，費用為6萬元。本方案主要協助企業進行徵件評選作業，提供公正、透明的評選機制，有效解決評選過程中的耗時與人力成本問題。藉此方案，您可以輕鬆管理徵件流程，提升評選效率，節省寶貴時間與資源。無論您是中小型企業或個人創作者，創創徵件評選方案都能為您提供專業且可靠的服務。,False,行銷推廣,臺灣雲市集,自有方案,60000.0,5-20萬,"[""北北基"",""桃竹苗"",""中彰投"",""雲嘉南"",""高屏"",""宜花東"",""離島/其他""]","[""出版、影音、傳播及資通服務業, 藝術娛樂休閒""]","[""9人以下"",""10~20人"",""21~50人"",""51~100人"",""101~200人""]",False,False,,3.6,2026-07-21 07:34:21.401635+00,2026-08-20 06:26:34.889913+00,行銷推廣,"徵件資訊發佈與管理
線上徵件報名與提交
評選標準設定與自訂
評委評分與意見記錄
評選結果統計與排名
公開透明的評選進度查詢
徵件資料雲端儲存與整理",創創徵件評選方案專為出版、影音、傳播、資通及藝術娛樂產業設計，適合1至5人企業。透過公正透明的評選機制，有效降低徵件作業的時間與人力成本。該方案涵蓋全臺1至7個區域，提供專業流程管理與評選效率提升，助中小企業與創作者輕鬆完成徵件評選工作。年費6萬元，訂閱期12個月。,,5000.0,5-10K,12.0,"[""訂閱制""]",疑似已下架_平台停止服務未逐筆驗證,
SOL-0183,recnAD9qI4pO0EG4t,53550539.0,Genie CTO,"智能化進度跟蹤與報告生成：
 結合AutoML與生成式AI，系統能夠自動跟蹤每一個研發項目的進度，並且根據歷史數據進行未來進展預測。生成式AI則負責生成動態報告，並根據實時數據提供建議，幫助研發長快速調整策略
 全面性能監控與未來預測
 透過AutoML，系統可自動測試和優化技術性能，包括算法準確率與系統運行效能。生成式AI能夠分析這些數據，提供未來性能表現的預測，並提供技術改進的具體建議，確保研發工作的高效運行。
 創新成果深度分析與商業化支持
 系統利用生成式AI深入分析技術創新成果，從專利數量到技術突破，全面評估其商業價值和競爭優勢。結合AutoML的自動數據分析，生成式AI提供精確的創新報告",True,研發創新,臺灣雲市集,自有方案,100000.0,5-20萬,"[""北北基""]","[""製造業, 批發零售業, 運輸及倉儲物流, 出版、影音、傳播及資通服務業, 教育業, 金融保險""]","[""21~50人"",""51~100人"",""101~200人""]",False,False,,4.2,2026-07-21 07:34:25.279398+00,2026-08-20 06:26:34.889913+00,研發創新,"自動跟蹤研發項目進度並預測未來進展
基於歷史數據生成動態研發報告和策略建議
自動測試和優化技術性能（算法準確率、系統效能）
分析性能數據並預測未來技術表現
提供技術改進的具體建議
深度分析創新成果的商業價值和競爭優勢
評估專利數量和技術突破的商業化潛力
生成精確的創新評估報告",針對研發管理團隊，本方案整合AutoML與生成式AI技術，自動追蹤項目進度並預測未來發展趨勢。系統實時監控技術性能、優化算法準確率，同時生成動態報告與改進建議，協助研發長快速調整策略。並深度分析創新成果的商業價值與競爭優勢，全面提升研發效率與決策品質。,,8333.0,5-10K,12.0,"[""訂閱制""]",疑似已下架_平台停止服務未逐筆驗證,
SOL-0013,recsMqkDkeTA7kxu5,83501114.0,3TEZ票券開店平台,三禘券鏈通科技股份有限公司的 3TEZ 票券開店平台，專為批發零售業、住宿及餐飲業、藝術娛樂休閒等產業設計。該平台幫助商家輕鬆建立線上票券銷售系統，提升銷售效率並擴大客戶群。通過 3TEZ 票券開店平台，您可以簡單管理票券銷售、兌換和客戶關係，無需複雜的技術知識。平台提供彈性的價格方案，滿足不同規模企業的需求，有效解決傳統票券銷售的痛點，如銷售渠道單一、客戶管理不便等。藉助 3TEZ 票券開店平台，您可以優化業務流程，提升客戶體驗，進一步推動銷售增長。,False,銷售管理,臺灣雲市集,自有方案,60000.0,5-20萬,"[""北北基"",""桃竹苗"",""中彰投"",""雲嘉南"",""高屏""]","[""批發零售業, 住宿及餐飲業, 藝術娛樂休閒""]","[""9人以下"",""10~20人"",""21~50人"",""51~100人"",""101~200人""]",False,False,,3.6,2026-07-21 07:34:25.777239+00,2026-08-20 06:26:34.889913+00,銷售管理,"線上票券銷售系統建立
票券銷售、兌換和客戶關係管理
彈性的價格方案設定
業務流程優化
客戶體驗提升
銷售效率提升
客戶群擴大
簡單易用的管理介面
無需複雜的技術知識
多渠道銷售支持
客戶管理功能
銷售數據分析
票券銷售報表生成",3TEZ 票券開店平台專為零售、餐飲、娛樂等產業設計，幫助商家快速建立線上票券銷售系統。平台提供簡易的票券管理、兌換及客戶關係功能，無需技術背景即可操作。透過多元銷售渠道和靈活價格方案，有效解決傳統票券銷售的渠道單一、客戶管理困難等問題，優化業務流程並提升客戶體驗，驅動銷售成長。,,5000.0,5-10K,12.0,"[""訂閱制""]",疑似已下架_平台停止服務未逐筆驗證,
SOL-BIZ-0001,recF4FSJRkhUZltNi,94230223.0,WordPress客服系統,整合 WordPress的完整智慧客服功能管理機制，『智能客服』可自動理解客戶問題並即時回應，大幅降低人工客服負擔，適時轉接『真人客服』處理複雜問題。彙整『常見問題』，協助店家優化服務流程，提升營運效率與顧客滿意度。,True,協作辦公,商業服務業專區,商業署,24000.0,,[],"[""G批發及零售業""]",[],False,False,,3.8,2026-07-21 07:34:21.401635+00,2026-07-21 07:34:21.401635+00,協作辦公,"功能與規格說明 - 數量
1. FAQ 管理 - 1,000條
2. 網站 Chat Widget（人工客服）- 10人
3. 網站 Chat Widget（AI客服）- 1,000次/月
4. 聊天記錄保存 - 6個月
5. Email 通知與回覆 - 10,000次/月
價格: NTD 24,000/12月",適用於 WordPress 網站的企業與線上店家。本方案整合智能客服與真人客服，AI 自動理解並回應客戶問題，有效降低人工負擔，複雜問題無縫轉接真人處理。系統彙整常見問題數據，幫助店家優化服務流程，提升營運效率與顧客滿意度。,,,,,"[""訂閱制""]",正常,
SOL-0876,recPaNySIqxz6lAlE,42996801.0,缺,愛酷智能科技股份有限公司提供的方案，旨在幫助企業優化營運流程，提升管理效率。該方案透過雲端技術，實現業務流程的自動化與數據化管理，協助企業輕鬆掌握營運狀況，做出明智的決策。通過使用此方案，企業可以解決諸如資訊不透明、溝通不暢、數據分析耗時等問題，進而提升整體競爭力。此方案操作簡便，適用於各類型企業，能夠根據企業需求量身定制，滿足不同規模與產業的需求。藉助此方案，企業可以更聚焦於核心業務，加速成長與創新。,False,銷售管理,臺灣雲市集,自有方案,,待確認,[],[],[],False,False,,2.1,2026-07-21 07:34:22.954362+00,2026-08-20 06:26:34.889913+00,銷售管理,,愛酷智能科技為各類型企業提供雲端營運管理方案，透過業務流程自動化與數據化管理，解決資訊不透明、溝通不暢及數據分析耗時等問題。該方案操作簡便、可客製化配置，幫助企業即時掌握營運狀況、優化決策品質，進而提升競爭力並加速成長創新。,,,,,"[""訂閱制""]",已下架_資料異常,
SOL-1385,rec9B3ZIslChNE2BE,82910273.0,「 FarmiSpace 」田間作物衛星監測服務 (30 公頃), FarmiSpace運用大數據與 AI，透過衛星監測提供精準農業服務，包括灌溉、施肥、病蟲害防治與數據管理，提升農作效率，減少損失，並設有告警通知功能。,True,,農業雲市集-數位館,農業部,60000.0,,[],[],[],False,False,https://agdigi.atri.org.tw/Market/Content/1,,2026-07-21 07:34:20.425058+00,2026-07-21 07:34:20.425058+00,,,FarmiSpace運用大數據與 AI，透過衛星監測提供精準農業服務，包括灌溉、施肥、病蟲害防治與數據管理，提升農作效率，減少損失，並設有告警通知功能。,,,,,,正常,
SOL-0719,reca07Fkm09EAlmSS,24930722.0,創店商-微商經銷系統,"創店商-微商經銷系統是由創創數位科技股份有限公司提供的創新解決方案，適用於各產業、不同規模的企業，服務範圍廣泛。該方案主要幫助企業建立微商經銷系統，透過系統化的工具與流程，企業可以輕鬆管理經銷商、商品以及銷售業績。

使用創店商-微商經銷系統，您可以有效解決傳統經銷管理中的諸多痛點，如經銷商資料管理不善、銷售業績追蹤困難、商品資訊傳遞不暢等問題。該系統提供一個統一的平台，讓企業可以更高效地經營經銷商網絡，提升銷售業績與市場競爭力。方案費用為 72,000 元，訂閱期為 4 個月，價格區間適合多數中小企業，幫助您在競爭激烈的市場中脫穎而出。",False,銷售管理,臺灣雲市集,自有方案,72000.0,5-20萬,"[""北北基"",""桃竹苗"",""中彰投"",""雲嘉南"",""高屏""]","[""不限產業""]","[""9人以下"",""10~20人"",""21~50人"",""51~100人"",""101~200人""]",False,False,,3.6,2026-07-21 07:34:23.953159+00,2026-08-20 06:26:34.889913+00,銷售管理,"經銷商資料管理
商品資訊管理與發佈
銷售業績追蹤與統計
經銷商網絡管理
微商平台建立與營運
銷售數據分析與報表","創店商微商經銷系統適用於各產業企業，透過統一平台系統化管理經銷商、商品與銷售業績。解決經銷商資料管理、銷售追蹤、商品資訊傳遞等傳統痛點，幫助企業高效經營經銷網絡、提升銷售業績與市場競爭力。年費72,000元，價格親民，助中小企業在競爭市場中脫穎而出。",,18000.0,10-30K,4.0,"[""訂閱制""]",疑似已下架_平台停止服務未逐筆驗證,
SOL-0226,recdpw656CRGrJvNu,27520341.0,101EIP雲端辦公室-10人版,"101EIP雲端辦公室-10人版是由百加資通股份有限公司提供的創新解決方案，適用於各行各業、不同規模的企業。此方案旨在為企業提供一個高效、安全的雲端辦公環境，幫助企業實現辦公自動化，優化工作流程。透過101EIP雲端辦公室-10人版，您可以輕鬆管理員工、客戶和專案，實現遠端辦公和協同工作，有效提升工作效率，解決傳統辦公模式下的溝通不暢、資料管理困難等問題。該方案的費用為18,000元，訂閱期為6個月，價格親民，適合預算有限的中小企業。選擇101EIP雲端辦公室-10人版，讓您的企業管理工作更簡單、更高效！",False,協作辦公,臺灣雲市集,自有方案,18000.0,5萬以下,"[""北北基"",""桃竹苗"",""中彰投"",""雲嘉南"",""高屏""]","[""不限產業""]","[""9人以下"",""10~20人"",""21~50人"",""51~100人"",""101~200人""]",False,False,,3.3,2026-07-21 07:34:24.542612+00,2026-08-20 06:26:34.889913+00,協作辦公,,"101EIP雲端辦公室-10人版專為中小企業設計，提供安全高效的雲端協作環境。整合員工、客戶與專案管理功能，支援遠端辦公與團隊協同，有效解決傳統辦公的溝通障礙與資料管理困難。透過自動化工作流程，大幅提升團隊生產力。6個月訂閱僅需18,000元，成本親民，是預算有限企業的理想選擇。",,3000.0,3-5K,6.0,"[""訂閱制""]",疑似已下架_平台停止服務未逐筆驗證,
SOL-0004,recg25O0Suilw67PH,28293999.0,U-Office Force 雲端辦公室軟體,"U-Office Force 雲端辦公室軟體是由一等一科技股份有限公司提供的創新解決方案，適用於各行各業的中小企業，特別適合 2-5 人團隊。該方案旨在幫助企業實現辦公自動化，提高工作效率，解決傳統辦公模式下的溝通不暢、文件管理混亂等問題。通過 U-Office Force，用戶可以輕鬆實現文件共享、任務分配、會議管理等功能，全面提升團隊協作效率。方案費用為 50,000 元，訂閱期為 6 個月，價格區間在 5-20 萬元之間。藉助 U-Office Force，企業可以擺脫繁瑣的辦公流程，專注於核心業務的發展。",False,協作辦公,臺灣雲市集,自有方案,50000.0,5-20萬,"[""北北基"",""桃竹苗"",""中彰投"",""雲嘉南"",""高屏""]","[""不限產業""]","[""10~20人"",""21~50人"",""101~200人""]",False,False,,3.1,2026-07-21 07:34:25.020364+00,2026-08-20 06:26:34.889913+00,協作辦公,"文件共享
任務分配
會議管理
辦公自動化
團隊協作管理",U-Office Force 雲端辦公室軟體專為 2-5 人中小企業團隊設計，整合文件共享、任務分配、會議管理等功能，解決傳統辦公溝通不暢與文件管理混亂的問題。透過自動化工作流程，顯著提升團隊協作效率，讓企業擺脫繁瑣行政負擔，專注核心業務發展。,,8333.0,5-10K,6.0,"[""訂閱制""]",疑似已下架_平台停止服務未逐筆驗證,
SOL-MOE-0690,recl7f1GktcAtcVDE,60688078.0,MaiAgent AI 助理開發平台- 個人版,本方案提供 AI 助理、客服與知識問答模組，支援即時對話、FAQ 與知識庫管理，讓企業快速部署智慧客服系統。內含 1 個 管理帳號，模組與資源皆可彈性擴充。 -AI 助理模組：具備自然語言理解與回應能力，支援多輪對話與情境理解。 -客服模組：整合 AI 與人工客服，支援對話轉接與服務紀錄查詢。 -知識問答模組：依據知識庫內容自動回應使用者問題，提升應答準確率。 -即時對話網頁：提供可嵌入網站的即時聊天介面，快速部署無需開發。 -知識庫管理：支援知識內容建立、分類、編輯與版本控管，便於維護。 -FAQ 常見問題集管理：集中管理常見問題，支援分群與快速設定回覆。 -管理帳號數量：內含 1 個 管理帳號，可依需求擴充。,True,研發創新,雲市集工業館,產發署,509252.0,,[],[],[],False,False,,3.3,2026-07-21 07:34:25.279398+00,2026-07-21 07:34:25.279398+00,研發創新,"AI 助理模組：自然語言理解與多輪對話能力
客服模組：AI 與人工客服整合與對話轉接
知識問答模組：依據知識庫自動回應使用者問題
即時對話網頁：可嵌入網站的即時聊天介面
知識庫管理：知識內容建立、分類、編輯與版本控管
FAQ 常見問題集管理：集中管理與快速設定回覆
服務紀錄查詢：客服對話歷史與服務記錄追蹤
模組與資源彈性擴充：依需求增加功能與計算資源",本方案為企業提供完整的 AI 智慧客服解決方案，整合 AI 助理、人工客服與知識問答功能。透過自然語言理解與多輪對話能力，自動回應客戶常見問題，同時支援人工客服無縫接入。內含即時聊天網頁、知識庫管理與 FAQ 系統，可直接嵌入網站快速部署，無需開發。所有模組與資源皆可彈性擴充，幫助企業降低客服成本、提升服務效率與客戶滿意度。,,,,,"[""客製化服務""]",疑似已下架_雲市集工業館平台方案未持續上架未逐筆驗證,
SOL-1219,rec1xO8Qu7RognrNs,70546594.0,Microsoft 365雲端辦公協作 商務標準版 1人超值優惠版,,False,,臺灣雲市集,自有方案,4605.0,,[],"[""遠距辦公, M365, 辦公協作, TEAMS, 數位轉型, 增加生產力, 線上會議""]",[],False,False,https://tcloud.gov.tw/solution/F03FE16037B30DAEE0531512620AC1A1,3.3,2026-07-21 07:34:19.728849+00,2026-08-20 06:26:34.889913+00,,,,,,,12.0,,已下架_平台停止服務,
SOL-MOE-0407,recJtqu8og4PIgNoN,50789164.0,GWS團隊協作套件_商務標準版 10人組,專為現代團隊設計的整合式雲端工具，讓您的團隊無論使用電腦、平板或手機，都能隨時隨地無縫接軌、靈活辦公，即使離線也能持續作業。 透過集中化的管理後台，管理員能輕鬆新增與管理使用者帳號。員工離職時也能一鍵安全地轉移雲端硬碟資料，確保商業機密與數位資產完整交接。 此外，內建的 Gemini AI 智慧助理與強大搜尋技術，更能自動化處理繁瑣事務，讓團隊能省下管理工作的時間，專注於創造更高價值的核心業務。彈性多樣的訂閱方案，更能有效減輕中小企業的營運負擔，是您實現數位轉型的最佳夥伴。,True,人力資源,雲市集工業館,產發署,54180.0,,[],[],[],False,False,,3.8,2026-07-21 07:34:22.02243+00,2026-07-21 07:34:22.02243+00,人力資源,"多裝置無縫協作（電腦、平板、手機）
離線作業與自動同步
集中化使用者帳號管理
員工離職資料轉移與交接
內建Gemini AI智慧助理
強大文件搜尋功能
自動化繁瑣工作流程",適用於現代企業的整合式雲端工具，支援跨裝置無縫協作與離線作業。提供集中化使用者管理、員工離職時的安全資料交接，以及內建 Gemini AI 智慧助理自動化繁瑣工作。透過強大搜尋技術與彈性訂閱方案，幫助團隊提升工作效率、保護商業機密，是中小企業數位轉型的理想解決方案。,,,,,"[""訂閱制""]",疑似已下架_雲市集工業館平台方案未持續上架未逐筆驗證,
SOL-0010,recudeBOMRZk6vEMk,96979933.0,AI知識中心,AI知識中心是由中華電信股份有限公司提供的創新解決方案，適用於多種產業和規模的企業。此方案透過人工智慧技術，幫助企業建立知識管理系統，有效整合和運用內部知識與資源。藉助AI知識中心，您可以輕鬆實現知識的自動分類、快速檢索和智慧分析，解決傳統知識管理中資訊查找耗時、知識傳承困難等問題。此方案能提升企業的知識利用效率，促進團隊協作與創新思維，進而強化企業的核心競爭力。選擇AI知識中心，您將能夠以更智慧的方式管理知識，推動企業持續成長與發展。,True,研發創新,臺灣雲市集,自有方案,10200.0,5萬以下,"[""北北基"",""桃竹苗"",""中彰投"",""雲嘉南"",""高屏"",""宜花東"",""離島/其他""]","[""製造業, 批發零售業, 住宿及餐飲業, 運輸及倉儲物流, 教育業, 金融保險""]","[""9人以下"",""10~20人"",""21~50人"",""51~100人"",""101~200人""]",False,False,,4.3,2026-07-21 07:34:25.777239+00,2026-08-20 06:26:34.889913+00,研發創新,"知識自動分類
快速知識檢索
智慧知識分析
內部知識整合
知識管理系統建立
知識傳承與共享
團隊協作平台
創新思維工具
核心競爭力提升
企業知識庫建設
智能搜索引擎
知識圖譜建立
知識更新與維護",適用於各產業企業的AI知識中心，透過人工智慧技術自動分類、快速檢索和智慧分析企業知識資源，解決傳統知識管理中資訊查找耗時、知識傳承困難的問題。該方案提升知識利用效率，促進團隊協作與創新，強化企業核心競爭力，助力企業持續成長。,,850.0,<3K,12.0,"[""訂閱制""]",疑似已下架_平台停止服務未逐筆驗證,
SOL-MOE-0448,recvlNXUTBAQk7Vom,96760204.0,EgentHub｜企業級 AI Agent 管理平台,"EgentHub 是由智慧方案(Intellicon AI)打造的企業級 AI Agent 管理平台，致力於協助企業將知識、經驗與流程萃取並轉化為可持續優化的 AI SOP，打造工作流程AI Agents，支援決策、執行與協作，提升營運效率與精準度，確保組織know-how能被保存與傳承。 智慧方案是 NVIDIA 新創計劃成員，客戶涵蓋紡織、製鞋、金屬加工、精密機械、工具機、零組件、電子製造、石化塑膠等產業，平均每家企業每月可釋放超過 2,000 小時人力工時，在效率提升、決策優化上展現顯著成效。",True,人力資源,雲市集工業館,產發署,453600.0,,"[""不限區域""]","[""製造"",""能源"",""零售"",""營建工程""]","[""100人以上""]",False,False,,3.9,2026-07-21 07:34:26.275253+00,2026-07-21 07:34:26.275253+00,人力資源,"AI Agent 工作流程設計與管理
知識與經驗數據化轉換為 AI SOP
業務流程自動化執行與優化
決策支援與建議提供
多 Agent 協作與編排管理
組織知識保存與傳承系統
流程持續優化與學習
企業級 AI Agent 部署與監控","EgentHub 是企業級 AI Agent 管理平台，協助製造、金屬加工、電子等產業企業將知識與流程轉化為可持續優化的 AI SOP。透過工作流程 AI Agents 支援決策、執行與協作，平均每月釋放超過 2,000 小時人力工時，同時保存組織 know-how 並提升營運效率與決策精準度。",know-how 變成 AI SOP，建立各場景 AI Agent，打造最強 AI 軍團！,,,,"[""訂閱制""]",疑似已下架_雲市集工業館平台方案未持續上架未逐筆驗證,
SOL-GOV-0022,rectaEVq86AnzWbg9,91063799.0,雲智維網路數據與資安事件分析管理平台Golden等級20個監控設備一個月授權,雲智維網路數據與資安事件分析管理平台可收集並儲存機關網路環境裡的各種類型日誌(Log)等數據進行監控、分析與告警，並提供各種符規報表的產出功能。本品項提供一個月20個監控設備、最多200 EPS日誌接收授權以及維運分析所需的日誌儲存容量40GB。,False,資安合規,政府軟體採購網,軟體採購網,16138.0,,"[""全台灣""]","[""政府機關""]",[],False,False,,3.4,2026-07-21 07:34:25.777239+00,2026-07-21 07:34:25.777239+00,資安合規,,本平台適用於需要強化網路安全監控的政府機關與企業。透過集中收集與分析機關網路環境中的各類日誌數據，即時監控、分析與告警潛在資安威脅。提供符合法規要求的報表產出，協助機關掌握網路安全狀況。本月度方案包含20個監控設備授權、200 EPS日誌接收能力及40GB儲存容量，滿足中小規模網路環保護需求。,,,,1.0,,正常,
SOL-MOE-0685,receCdTJQq7aA5AeF,,KEYPO 警報APP服務,KEYPO 警報APP服務，透過網路大數據系統偵測全方位網路資訊，藉由AI分析後由APP定時發送即時警報訊息至手機，讓使用者消息不漏接並可以最快速的時間掌握網路風向、網路聲音及重要資訊，協助客戶打造更精準正確的策略應對計劃。,True,行銷推廣,雲市集工業館,產發署,29323.0,,[],[],[],False,False,,4.0,2026-07-21 07:34:24.542612+00,2026-07-21 07:34:24.542612+00,行銷推廣,"網路大數據監測與蒐集
AI智能分析網路資訊
APP定時推送警報訊息
實時網路風向掌握
網路聲音監聽與追蹤
重要資訊即時提醒
危機預警與事件偵測",KEYPO 警報APP服務適用於需要掌握網路輿情的企業與機構。透過大數據系統全面偵測網路資訊，運用AI分析技術，定時推送即時警報至手機，確保使用者不漏接任何重要訊息。幫助客戶快速掌握網路風向與聲音，制定更精準有效的策略應對計劃。,,,,,,正常,
SOL-FIELD-0031,recCqH4wtcevDSmfG,53766524.0,uCare 長照資訊系統,uCare 長照資訊系統為一套專為長期照護機構設計的資訊管理平台，協助整合個案資料、照護紀錄與行政作業流程，提升機構營運效率與照護服務品質。,False,,領域型調查(人工搜查),自有方案,30000.0,,[],"[""長期照護、日照中心、居家照護服務、照護機構行政管理""]",[],False,False,,3.4,2026-07-21 07:34:21.401635+00,2026-07-21 07:34:21.401635+00,,"・提供個案基本資料與照護歷程集中管理-
・支援照護紀錄填寫、查詢與歷史追蹤
・協助機構進行照護流程與行政作業數位化管理
・提供統計報表與資料彙整功能，支援內部管理與查核需求",uCare 長照資訊系統專為長期照護機構設計，整合個案資料、照護紀錄與行政作業流程於一個平台。協助機構簡化日常營運管理、提升照護服務品質，並透過系統化的資訊管理，確保照護工作的連貫性與效率，讓照護人員專注於提供更優質的服務。,,,,,"[""訂閱制""]",正常,
SOL-0935,recewzEJrPD6JKapb,23137226.0,OPEN API雲端資料整合服務,"建置「官網」、「電子商務網站」，正在使用「APP」、「Workflow」、「POS」…等系統的中小微型企業，這些系統的資料如何與ERP串接？快速開立電子發票？
 中小微型企業普遍人手不足，系統可以做的事，不要浪費寶貴的人力，使用Open API，以下資料情境將由系統自動完成
 l 網站會員資料寫入客戶資料
 l 網站、APP查詢客戶交易歷史、客戶信用額度
 l 網站、APP查詢產品現在庫存量、交易單價
 l 網站訂單自動產生銷貨單、電子發票
  自動化的異質系統整合，除了免除中小微型企業繁複的資料重複輸入外，更避免人為疏忽產生的錯誤與節省不必要的人工稽核時間，完全符合市場需求、解決企業多系統整",False,銷售管理,臺灣雲市集,自有方案,40000.0,5萬以下,"[""北北基""]","[""不限產業""]","[""9人以下"",""10~20人"",""21~50人"",""51~100人"",""101~200人""]",False,False,,4.1,2026-07-21 07:34:24.542612+00,2026-08-20 06:26:34.889913+00,銷售管理,"網站會員資料自動寫入客戶資料庫
網站/APP查詢客戶交易歷史與信用額度
網站/APP查詢產品庫存量與交易單價
網站訂單自動產生銷貨單與電子發票
ERP與多系統資料自動串接整合
異質系統資料自動同步，減少重複輸入
人為錯誤自動預防與資料稽核自動化",針對使用官網、電商、APP、POS等多系統的中小微企業，提供Open API整合方案，自動串接ERP系統。會員資料、庫存、訂單、電子發票等資訊無縫同步，免除重複輸入與人為錯誤。透過異質系統自動化整合，大幅降低人力成本，提升營運效率，完全解決企業多系統管理的痛點。,,3333.0,3-5K,12.0,"[""訂閱制""]",疑似已下架_平台停止服務未逐筆驗證,
SOL-0086,recFzm8LeEeVwBi7r,42861634.0,Teamdoor雲端型招募管理工具,"Teamdoor雲端型招募管理工具是由友睿資訊股份有限公司提供的創新解決方案，適用於各大小企業。該工具旨在幫助企業優化招募流程，提升人力資源管理的效率。透過Teamdoor，您可以輕鬆發布職缺、追蹤應徵者進度、進行面試安排等，讓招募工作更加有條理。

Teamdoor的主要目的是解決傳統招募過程中耗時耗力的問題，例如：職缺發布不便、應徵者資料管理混亂、溝通不暢等。藉助雲端技術，Teamdoor讓企業可以隨時隨地管理招募進度，節省時間和人力成本。無論您是小型企業還是大型組織，Teamdoor都能提供您所需的靈活性和功能，幫助您更有效地找到合適的人才。",False,人力資源,臺灣雲市集,自有方案,45000.0,5萬以下,"[""北北基"",""桃竹苗"",""中彰投"",""雲嘉南"",""高屏"",""宜花東""]","[""不限產業""]","[""9人以下"",""10~20人"",""21~50人"",""51~100人"",""101~200人""]",False,False,,3.6,2026-07-21 07:34:22.02243+00,2026-08-20 06:26:34.889913+00,人力資源,"線上職缺發布與管理
應徵者進度追蹤
面試安排與排程
應徵者資料集中管理
招募流程視覺化呈現
多渠道應徵者溝通
雲端招募資料存儲與存取",適用於各大小企業的雲端招募管理工具。Teamdoor 整合職缺發布、應徵者追蹤、面試安排等功能，解決傳統招募流程耗時耗力、資料管理混亂的問題。透過雲端技術，企業可隨時隨地管理招募進度，大幅節省時間與人力成本，有效提升人資效率並快速找到合適人才。,,3750.0,3-5K,12.0,"[""訂閱制""]",疑似已下架_平台停止服務未逐筆驗證,
SOL-0006,recuyfkwGjSZ3A2Cz,83710077.0,CUTEASY智能美業管理系統,CUTEASY智能美業管理系統是由一踢科技系統整合有限公司提供的創新解決方案，專為美業管理而設計。此系統旨在幫助美業經營者提升管理效率，優化客戶服務體驗。通過CUTEASY，用戶可以輕鬆管理預約、客戶資料、服務項目等，實現業務流程的自動化和智能化。該方案有效解決了傳統美業管理中資訊分散、效率低下、客戶體驗不佳等問題，讓經營者能夠更專注於提升服務品質和客戶滿意度。訂閱費用為2388元，服務期12個月，價格親民，適合各大小美業機構導入使用。藉助CUTEASY，美業經營者可以更輕鬆地管理業務，提升競爭力，實現長期穩定發展。,False,銷售管理,臺灣雲市集,自有方案,2388.0,5萬以下,[],[],[],False,False,,3.8,2026-07-21 07:34:26.275253+00,2026-08-20 06:26:34.889913+00,銷售管理,"預約管理
客戶資料管理
服務項目管理
業務流程自動化
智能化管理
客戶體驗優化
訂單管理
服務項目設定
員工管理
報表統計分析
系統設定與維護
用戶權限管理
資料備份與還原
線上支付整合",CUTEASY智能美業管理系統專為美容美髮等美業機構設計，整合預約、客戶資料、服務項目管理於一體。系統自動化業務流程，解決傳統管理資訊分散、效率低下的痛點，幫助經營者降低營運成本、提升客戶服務體驗。年費2388元，適合各規模美業機構導入，讓經營者專注服務品質提升，增強市場競爭力。,,199.0,<3K,12.0,"[""訂閱制""]",疑似已下架_平台停止服務未逐筆驗證,
SOL-0007,recs9T4BF3sImUCcE,42654754.0,NUEIP智慧人資管理方案 (10人),"NUEIP首創LINE一鍵打卡上下班，提供企業最完整的人資行政管理方案。從打卡、排班、簽核、薪資、績效考核、電子表單簽核等流程一應俱全，讓您的人員管理更容易，考勤計薪更有效率。
 NUEIP已協助上千家企業減少內部管理的作業時間，專注於核心事業，所有產業皆適用，知名使用企業包含：迷客夏、錢都、施巴、Tokuyo、Combi等知名餐飲零售服務業品牌。系統自動計算人員勞健保加退保費用、LINE 打卡考勤紀錄統一管理，有效解決企業面臨的人力資源挑戰，協助企業打造高效、靈活的人才管理體系。",True,人力資源,臺灣雲市集,自有方案,16380.0,5萬以下,"[""北北基""]","[""不限產業, 製造業, 批發零售業, 住宿及餐飲業, 運輸及倉儲物流, 出版、影音、傳播及資通服務業, 教育業, 藝術娛樂休閒, 金融保險, 醫療, 營建工程""]","[""9人以下"",""10~20人"",""21~50人"",""51~100人"",""101~200人""]",False,False,,4.2,2026-07-21 07:34:25.777239+00,2026-08-20 06:26:34.889913+00,人力資源,"LINE一鍵打卡上下班
自動考勤管理
排班管理
電子簽核流程
薪資計算
績效考核管理
電子表單簽核
勞健保加退保費用計算
考勤紀錄統一管理",NUEIP 為各產業企業提供完整的人資行政管理方案。透過 LINE 一鍵打卡、排班、簽核、薪資、績效考核及電子表單等整合功能，自動化考勤計薪流程，大幅減少內部管理作業時間。系統自動計算勞健保費用，統一管理考勤紀錄，已協助上千家企業提升人力資源管理效率，打造靈活高效的人才管理體系。,,1365.0,<3K,12.0,"[""訂閱制""]",疑似已下架_平台停止服務未逐筆驗證,
SOL-NTPC-0001,rectmdTmd0JjidMRP,24567645.0,InfoMiner 即時輿情分析平台,,True,,新北產業AI化輔導計畫,新北經發局,110208.0,,,,,False,False,,,2026-08-07 08:32:40.26658+00,2026-08-07 08:32:40.26658+00,行銷推廣,,,,,,,,正常,
SOL-0001,recGNH4ZfcFcpz5An,42863942.0,Lawsnote法學搜尋系統企業方案,以人工智慧演算法協助法遵人員工作流程自動化，即時因應政府法規變動，判斷內規修正必要性，降低法遵內控風險。,True,資安合規,臺灣雲市集,自有方案,10000.0,5萬以下,[],[],[],False,False,,4.3,2026-07-21 07:34:22.02243+00,2026-08-20 06:26:34.889913+00,資安合規,"法規變動即時更新
內規修正必要性判斷
法遵內控風險降低
工作流程自動化
人工智慧演算法搜尋",針對金融、保險等高度監管產業的法遵人員，本方案運用人工智慧演算法自動監測政府法規動態，即時評估對企業內規的影響，自動判斷修正必要性，大幅縮短法規因應時間。透過智能化工作流程，降低人工審閱的遺漏風險，確保內控合規持續有效，協助企業快速適應複雜多變的監管環境。,,833.0,<3K,12.0,"[""訂閱制""]",疑似已下架_平台停止服務未逐筆驗證,
SOL-0756,recrIiIa8W7xZUZJE,90462283.0,ZiG全域智聯系統-AIoT、Digital twin、EMS,"ZiG 的核心功能包括：
 1. 套件中心：快速整合多數通訊協議、跨品牌與應用場景的設備。
 2. 戰情看板：拖拉式模組化圖表，迅速呈現整廠數據，加速決策。
 3. 圖控 SCADA：元件化拖拉介面，即時監控廠內數據，多種場域元件快速客製。
 4. 數位孿生：3D 模型監控，映射現實環境，應用於研發、生產與能耗追蹤。
 5. AI 應用整合：提供數據採集、可視化及合適的 AI 解決方案，協助工廠智慧轉型。",True,生產物流,新創嚴選網,自有方案,,待確認,"[""不限區域""]","[""資訊科技""]","[""不限規模""]",False,False,,3.8,2026-07-21 07:34:25.777239+00,2026-07-21 07:34:25.777239+00,生產物流,"AIoT
套件中心：市場多數通訊協議、跨設備型號、跨品牌、跨應用場景，無縫整合
戰情看板：模組化的戰情圖表，簡易拖拉、調整位置及尺寸，快速導入圖表，即可呈現不同需求的整廠數據，加速管理層決策
圖控SCADA：模組化的元件，快速拖拉調整廠內現況、即時數據，多種風格、多種場域元件快速客製
跨設備控制、警報系統、報表系統等IoT功能
數位孿生
數位孿生Digital twin:3D模型監控，模擬場域環境中通過感應器與網路，去映射現實環境的狀況，能應用於產品RD、設計、生產過程、產後的製程和能耗追蹤。
智慧製造全廠數據AIoT管理
協助採集石化廠的焚化爐、廢水廠數據至AI模型學習運算，再回到ZiG平台上快速客製可視化界面，提供客戶全廠監控與數據分析，以及優化產線、自動控制等建議。
場域數位孿生
協助建築或是製造業映射模擬全廠的數據以及環境狀況，來導入AI模型在映射場域驗證可行性。 驗證成功可行後面，於正式的製程或是場域上將驗證過的模型導入，正式落地AI解決方案。",ZiG 為製造業提供一站式數位轉型平台。透過套件中心快速整合多品牌設備，以模組化戰情看板與圖控 SCADA 即時監控廠內數據，支援 3D 數位孿生映射現實環境，並整合 AI 應用協助數據分析與決策優化。幫助工廠加速智慧化升級，提升營運效率與能源管理能力。,ZiG最快的速度，實現 AI 與 Digital Twin 的快速導入,,,,"[""訂閱制"",""買斷制""]",正常,
SOL-0159,recJuT7qHIueNnHiu,95453283.0,AIBuuking財稅達人,中小微企業常常有人力問題，本方案的使用不需會計背景，也能正確記出合規的會計帳並報稅。能夠同時紀錄內外帳，幫助中小微企業同時滿足對股東與對國家負責的帳務。再者本方案每年依照最新的稅法做調整，並加入各式AI流程協助企業簡單記好帳、記對帳。,True,研發創新,臺灣雲市集,自有方案,31800.0,5萬以下,"[""不限區域""]","[""零售, 批發, 不動產, 餐飲, 交通運輸, 廣告, 影音出版, 倉儲, 設計, 顧問 (含管理法律財會), 農林漁牧, 金融保險, 醫療保健, 製造, 教育, 資通訊, 營建工程, 旅宿""]","[""不限規模""]",False,False,,4.3,2026-07-21 07:34:22.02243+00,2026-08-20 06:26:34.889913+00,研發創新,"財務稅務自動化，AI會計師上線服務
✅
企業級大量憑證處理：
支援超過 100 種格式，秒速辨識，自動切轉傳票。
✅
多工協作與權限管理：
適合多部門、多據點企業的財務協作平台。
✅
24/7 AI 財稅顧問：
即時回答預算編列與法遵問題，如同擁有一位全天候待命的會計師。
✅
高規格資安防護：
確保企業敏感財務數據的安全與隱私。
找不到會計人員嗎？採用AIBuuking自動產生財務報表。
中小企業最優選，不用會計背景也能夠計好帳報好稅，AIBuuking協助企業主掌握金流、財務與稅務。",本方案專為人力資源有限的中小微企業設計，無需會計背景即可準確記帳並合規報稅。支援內外帳同步管理，滿足股東與稅務機關的雙重需求。系統每年更新稅法規定，並整合AI流程自動化，協助企業輕鬆記帳、確保帳務正確無誤。,AI會計師，企業財稅守護神。,2650.0,<3K,12.0,"[""訂閱制"",""提供試用"",""客製化服務""]",疑似已下架_平台停止服務未逐筆驗證,
SOL-FIELD-0054,recQRApYz0o0IpX2Q,89463756.0,VoAI 聲音創造所,,False,,領域型調查(人工搜查),自有方案,680.0,,[],"[""影音內容產業 YouTube / 廣告 /Podcast / 有聲書""]",[],False,False,,2.1,2026-07-21 07:34:23.44502+00,2026-07-21 07:34:23.44502+00,,,,,,,,"[""訂閱制""]",正常,
SOL-0005,recOtFjiLyC9Y4Lpr,84598349.0,104企業大師人資管理,一零四資訊科技股份有限公司的 104 企業大師人資管理方案，專為中小企業設計，提供完整的人力資源管理解決方案。此方案幫助企業輕鬆管理員工資料、排班、請假、考核等人事作業，優化人力資源管理的流程與效率。藉助 104 企業大師人資管理，您可以擺脫繁瑣的文書作業，減少人力成本，專注於核心業務的發展。方案費用為 6000 元，訂閱期 6 個月，價格親民，適合各規模企業導入使用。讓 104 企業大師人資管理成為您企業管理的好幫手，提升經營效率，實現永續發展。,False,人力資源,臺灣雲市集,自有方案,6000.0,5萬以下,[],[],[],False,False,,3.8,2026-07-21 07:34:22.954362+00,2026-08-20 06:26:34.889913+00,人力資源,"員工資料管理
線上排班管理
請假與休假管理
考核與評估管理
自動化人事流程管理
人力資源雲端管理",104企業大師人資管理方案專為中小企業設計，整合員工資料、排班、請假、考核等人事作業管理。透過自動化流程優化，幫助企業減少文書負擔、降低人力成本，讓管理者專注核心業務發展。月費僅需1000元，快速提升人資管理效率與企業競爭力。,,1000.0,<3K,6.0,"[""訂閱制""]",疑似已下架_平台停止服務未逐筆驗證,
SOL-0011,recCTztnmJzIguZk8,96979933.0,AI廣播助理,AI廣播助理方案由中華電信股份有限公司提供，適用於批發零售業、住宿及餐飲業、教育業等多元產業，支援企業規模從1到5人。該方案利用AI技術，幫助企業輕鬆建立自動化廣播系統，解決傳統廣播耗時耗力的問題。通過AI廣播助理，您可以預先錄製或編輯廣播內容，並在需要時自動播放，省去人力成本，提升溝通效率。服務區域涵蓋全國1至7個區域，訂閱期為12個月，費用為7200元，價格區間在5萬以下。藉助AI廣播助理，您可以優化內部溝通流程，提升運營效率，專注於核心業務發展。,True,行銷推廣,臺灣雲市集,自有方案,7200.0,5萬以下,"[""北北基"",""桃竹苗"",""中彰投"",""雲嘉南"",""高屏"",""宜花東"",""離島/其他""]","[""批發零售業, 住宿及餐飲業, 教育業""]","[""9人以下"",""10~20人"",""21~50人"",""51~100人"",""101~200人""]",False,False,,3.5,2026-07-21 07:34:21.401635+00,2026-08-20 06:26:34.889913+00,行銷推廣,"自動化廣播系統建立
預先錄製廣播內容
編輯廣播內容
自動播放廣播
省去人力成本
提升溝通效率
優化內部溝通流程
提升運營效率",適用於零售、餐飲、教育等小型企業的AI廣播助理方案。透過自動化廣播系統，預先錄製編輯內容並定時播放，省去傳統廣播的人力成本與時間耗損。幫助企業優化內部溝通流程、提升運營效率，讓團隊專注於核心業務發展。年費7200元，服務涵蓋全國多區域。,,600.0,<3K,12.0,"[""訂閱制""]",疑似已下架_平台停止服務未逐筆驗證,
SOL-0009,recnbMvgdhaOTbpUM,22645531.0,GenAI-OCR 企業單據辨識系統,"GenAI-OCR 企業單據辨識系統是由力新國際科技股份有限公司提供的創新解決方案。此方案利用人工智慧（AI）技術，自動辨識和擷取企業各類單據中的關鍵資訊，如發票、收據、合同等，實現智能化資料處理。 傳統的單據處理耗時且容易出錯，而 GenAI-OCR 企業單據辨識系統能夠快速且準確地提取所需資訊，大幅提升企業的運營效率，減少人工成本，幫助企業更聚焦於核心業務。藉助這項技術，企業可以輕鬆管理大量單據，優化工作流程，促進數位化轉型。 現在，您可以以 5 萬元以下的價格，在 4 個月內體驗這項高效解決方案，僅需 5,000 元，立即為您的企業帶來智慧化升級。",True,研發創新,臺灣雲市集,自有方案,5000.0,5萬以下,[],[],[],False,False,,4.3,2026-07-21 07:34:25.279398+00,2026-08-20 06:26:34.889913+00,研發創新,"自動辨識企業單據中的關鍵資訊
快速提取單據中的重要資料
實現智能化資料處理
減少人工成本和出錯率
提升企業的運營效率
優化工作流程和數位化轉型
管理大量單據和檔案
自動化單據處理流程
支援多種單據格式辨識
提高資料準確性和完整性",GenAI-OCR 企業單據辨識系統適用於需要大量處理發票、收據、合同等單據的企業。透過 AI 技術自動辨識和擷取關鍵資訊，解決傳統手工處理耗時且易出錯的問題。系統能快速準確提取資料，大幅降低人工成本，提升運營效率，讓企業專注核心業務並加速數位化轉型。,,1250.0,<3K,4.0,"[""訂閱制""]",疑似已下架_平台停止服務未逐筆驗證,
SOL-0008,recLiTFAqk8TZV3Lt,52633012.0,企業專屬AI客服,"八維智能股份有限公司的企業專屬AI客服方案，旨在為企業提供高效、自動化的客戶服務解決方案。該方案利用先進的AI技術，幫助企業實現24小時不間斷的客戶服務，自動回答客戶常見問題，解放人力資源，提升服務效率。

通過企業專屬AI客服，企業可以解決客戶服務人力不足、服務時間有限、客戶滿意度不高等問題。該方案提供6個月的服務，費用為92396元，價格區間在5-20萬之間。藉助AI技術，企業可以實現客戶服務的智能化升級，提升客戶體驗，增強企業競爭力。無論您是想要優化客戶服務流程，還是提升企業運營效率，企業專屬AI客服都是您的理想選擇。",True,行銷推廣,臺灣雲市集,自有方案,92396.0,5-20萬,[],[],[],False,False,,3.7,2026-07-21 07:34:22.954362+00,2026-08-20 06:26:34.889913+00,行銷推廣,"24小時不間斷的客戶服務
自動回答客戶常見問題
解放人力資源
提升服務效率
智能化升級客戶服務
優化客戶服務流程
提升企業運營效率","適用於需要優化客戶服務的企業。本方案透過先進AI技術提供24小時自動化客服，自動回答常見問題，有效解決人力不足與服務時間限制。可顯著提升服務效率與客戶滿意度，降低運營成本，增強企業競爭力。6個月服務費用92,396元，助企業實現客戶服務智能化升級。",,15399.0,10-30K,6.0,"[""訂閱制""]",疑似已下架_平台停止服務未逐筆驗證,
SOL-0012,rec8Hn9JpHIQqnl2Q,96979933.0,AI聲音濾鏡,AI聲音濾鏡方案由中華電信股份有限公司提供，適用於製造業、出版、影音、傳播及資通服務業、教育業、藝術娛樂休閒等產業，規模從1到5皆適用，服務區域涵蓋全臺。該方案利用AI技術，為企業提供聲音濾鏡解決方案，有效解決聲音品質不佳、雜音干擾等問題，幫助企業提升聲音品質，增強品牌形象。透過AI聲音濾鏡方案，您可以輕鬆實現聲音優化，改善客戶體驗，增強競爭力。方案費用為7200元，訂閱期為12個月，價格區間在5萬以下，絕對是您提升聲音品質的最佳選擇。,True,行銷推廣,臺灣雲市集,自有方案,7200.0,5萬以下,"[""北北基"",""桃竹苗"",""中彰投"",""雲嘉南"",""高屏"",""宜花東"",""離島/其他""]","[""製造業, 出版、影音、傳播及資通服務業, 教育業, 藝術娛樂休閒""]","[""9人以下"",""10~20人"",""21~50人"",""51~100人"",""101~200人""]",False,False,,3.7,2026-07-21 07:34:20.425058+00,2026-08-20 06:26:34.889913+00,行銷推廣,"AI聲音優化
自動雜音消除
聲音品質提升
客戶體驗改善
品牌形象增強
AI技術應用
聲音濾鏡解決方案
實時聲音處理
聲音品質監控
智能聲音分析","本方案由中華電信提供，適用於製造、出版、影音、傳播及教育等產業。運用AI技術自動濾除雜音、優化聲音品質，有效解決錄音環境不佳問題。幫助企業提升音頻專業度、強化品牌形象、改善客戶體驗。年費7,200元，全臺服務，各規模企業均可導入，是提升聲音品質的高效解決方案。",,600.0,<3K,12.0,"[""訂閱制""]",疑似已下架_平台停止服務未逐筆驗證,
SOL-GOV-0011,recosHXchh4zfxkiF,86870786.0,高中學測英文寫作歷屆試題AI批改,"掌握學測英文得分關鍵，翻譯和作文題！_x000D_
_x000D_
「高中學測英文寫作歷屆試題AI批改」將AI應用於教學當中，解決老師們上課時間不足，無法全力協助學生備戰學測的困擾。特別針對""近十年學測英文考題""來設計，透過""文體架構引導""、""AI即時批改""等功能，讓學生快速掌握學測英文寫作的精髓，從容應對考試。_x000D_
_x000D_
老師只需簡單安排進度，透過系統指派練習，學生即可透過電腦、平板、手機等載具，在系統引導下依照不同文體架構來進行寫作練習。提交答案後，AI人工智慧將參考""大考中心之英文寫作批改標準""，進行相關批改，並給出建議寫法和修改說明。_x000D_
_x000D_
以此節省老師花費在紙本往返和人工批改的大量時間，學生也能隨時在裝置上查閱批改結果，持續追蹤練習成效，精進寫作能力。 ",True,研發創新,政府軟體採購網,軟體採購網,613.0,,"[""全台灣""]","[""教育""]",[],False,False,https://premium.learnmode.net/,4.2,2026-07-21 07:34:25.279398+00,2026-07-21 07:34:25.279398+00,研發創新,,針對高中教師和學生，本平台整合近十年學測英文考題，提供AI即時批改服務。教師可線上指派練習進度，學生透過文體架構引導進行寫作練習，提交後AI依大考中心標準批改並給予修改建議。系統大幅減少教師批改時間，學生可隨時查閱結果追蹤進度，有效提升學測英文寫作成績。,,,,12.0,,正常,
SOL-SME-0119,reciF82i4gDSSC3Uf,52415016.0,居生活一頁式ＶＲ網頁基礎方案,線上720實境店鋪及VR虛擬展間不限制消費者瀏覽的時間與地點，幫助店家數位轉型，帶動線上與線下的客群導流，延伸話題性並帶動消費訂單適合 零售業，餐飲業，藝文業，展覽業，貿易業，房仲業，觀光業..等需要以視覺互動的行業以觀光業飯店業及房仲業為例，透過VR720提供沉浸式 虛擬實境空間，輔以遠端語音導覽，讓業者可超越時間及空間限制，即使在疫情期間，依然能夠透過系統線上帶客導覽展示空間及設備導覽，吸引潛在顧客，擴充服務量能。對於零售業的客戶來說，透過物品之標籤Tag功能，可以將商品相片、影片介紹及相關多媒體(如部落客開箱影片)放置於虛擬展間，除了省下消費者搜尋商品相關資訊之時間，提供沉浸體驗。,False,行銷推廣,SME AI平台,中企署,60000.0,,[],"[""製造業；服務業；農業""]",[],False,False,,3.6,2026-07-21 07:34:25.020364+00,2026-07-21 07:34:25.020364+00,行銷推廣,1RWD網頁版型設計，SSL安全憑證，ＶＲ展間連接，GTM/GA 協助設定，社群整合。維護，上架，主機跟網域DNS代管設定使用,適用於零售、餐飲、房仲、觀光等視覺導向產業。透過720度實境店鋪與VR虛擬展間，突破時空限制，提供沉浸式線上體驗。支援遠端語音導覽、商品標籤互動、多媒體整合，幫助業者數位轉型，驅動線上線下客流導入，提升服務量能與消費轉化。,,,,,"[""訂閱制""]",正常,
